{
    "avg_prec": 0.5138461221670395,
    "roc_auc": 0.9547445028729411
}