{
    "avg_prec": 0.4962203005232611,
    "roc_auc": 0.9478075076034167
}